--
-- PostgreSQL database dump
--

-- Dumped from database version 16.2
-- Dumped by pg_dump version 16.2

SET statement_timeout = 0;
SET lock_timeout = 0;
SET idle_in_transaction_session_timeout = 0;
SET client_encoding = 'UTF8';
SET standard_conforming_strings = on;
SELECT pg_catalog.set_config('search_path', '', false);
SET check_function_bodies = false;
SET xmloption = content;
SET client_min_messages = warning;
SET row_security = off;

SET default_tablespace = '';

SET default_table_access_method = heap;

--
-- Name: auth_group; Type: TABLE; Schema: public; Owner: postgres
--

CREATE TABLE public.auth_group (
    id integer NOT NULL,
    name character varying(150) NOT NULL
);


ALTER TABLE public.auth_group OWNER TO postgres;

--
-- Name: auth_group_id_seq; Type: SEQUENCE; Schema: public; Owner: postgres
--

ALTER TABLE public.auth_group ALTER COLUMN id ADD GENERATED BY DEFAULT AS IDENTITY (
    SEQUENCE NAME public.auth_group_id_seq
    START WITH 1
    INCREMENT BY 1
    NO MINVALUE
    NO MAXVALUE
    CACHE 1
);


--
-- Name: auth_group_permissions; Type: TABLE; Schema: public; Owner: postgres
--

CREATE TABLE public.auth_group_permissions (
    id bigint NOT NULL,
    group_id integer NOT NULL,
    permission_id integer NOT NULL
);


ALTER TABLE public.auth_group_permissions OWNER TO postgres;

--
-- Name: auth_group_permissions_id_seq; Type: SEQUENCE; Schema: public; Owner: postgres
--

ALTER TABLE public.auth_group_permissions ALTER COLUMN id ADD GENERATED BY DEFAULT AS IDENTITY (
    SEQUENCE NAME public.auth_group_permissions_id_seq
    START WITH 1
    INCREMENT BY 1
    NO MINVALUE
    NO MAXVALUE
    CACHE 1
);


--
-- Name: auth_permission; Type: TABLE; Schema: public; Owner: postgres
--

CREATE TABLE public.auth_permission (
    id integer NOT NULL,
    name character varying(255) NOT NULL,
    content_type_id integer NOT NULL,
    codename character varying(100) NOT NULL
);


ALTER TABLE public.auth_permission OWNER TO postgres;

--
-- Name: auth_permission_id_seq; Type: SEQUENCE; Schema: public; Owner: postgres
--

ALTER TABLE public.auth_permission ALTER COLUMN id ADD GENERATED BY DEFAULT AS IDENTITY (
    SEQUENCE NAME public.auth_permission_id_seq
    START WITH 1
    INCREMENT BY 1
    NO MINVALUE
    NO MAXVALUE
    CACHE 1
);


--
-- Name: auth_user; Type: TABLE; Schema: public; Owner: postgres
--

CREATE TABLE public.auth_user (
    id integer NOT NULL,
    password character varying(128) NOT NULL,
    last_login timestamp with time zone,
    is_superuser boolean NOT NULL,
    username character varying(150) NOT NULL,
    first_name character varying(150) NOT NULL,
    last_name character varying(150) NOT NULL,
    email character varying(254) NOT NULL,
    is_staff boolean NOT NULL,
    is_active boolean NOT NULL,
    date_joined timestamp with time zone NOT NULL
);


ALTER TABLE public.auth_user OWNER TO postgres;

--
-- Name: auth_user_groups; Type: TABLE; Schema: public; Owner: postgres
--

CREATE TABLE public.auth_user_groups (
    id bigint NOT NULL,
    user_id integer NOT NULL,
    group_id integer NOT NULL
);


ALTER TABLE public.auth_user_groups OWNER TO postgres;

--
-- Name: auth_user_groups_id_seq; Type: SEQUENCE; Schema: public; Owner: postgres
--

ALTER TABLE public.auth_user_groups ALTER COLUMN id ADD GENERATED BY DEFAULT AS IDENTITY (
    SEQUENCE NAME public.auth_user_groups_id_seq
    START WITH 1
    INCREMENT BY 1
    NO MINVALUE
    NO MAXVALUE
    CACHE 1
);


--
-- Name: auth_user_id_seq; Type: SEQUENCE; Schema: public; Owner: postgres
--

ALTER TABLE public.auth_user ALTER COLUMN id ADD GENERATED BY DEFAULT AS IDENTITY (
    SEQUENCE NAME public.auth_user_id_seq
    START WITH 1
    INCREMENT BY 1
    NO MINVALUE
    NO MAXVALUE
    CACHE 1
);


--
-- Name: auth_user_user_permissions; Type: TABLE; Schema: public; Owner: postgres
--

CREATE TABLE public.auth_user_user_permissions (
    id bigint NOT NULL,
    user_id integer NOT NULL,
    permission_id integer NOT NULL
);


ALTER TABLE public.auth_user_user_permissions OWNER TO postgres;

--
-- Name: auth_user_user_permissions_id_seq; Type: SEQUENCE; Schema: public; Owner: postgres
--

ALTER TABLE public.auth_user_user_permissions ALTER COLUMN id ADD GENERATED BY DEFAULT AS IDENTITY (
    SEQUENCE NAME public.auth_user_user_permissions_id_seq
    START WITH 1
    INCREMENT BY 1
    NO MINVALUE
    NO MAXVALUE
    CACHE 1
);


--
-- Name: django_admin_log; Type: TABLE; Schema: public; Owner: postgres
--

CREATE TABLE public.django_admin_log (
    id integer NOT NULL,
    action_time timestamp with time zone NOT NULL,
    object_id text,
    object_repr character varying(200) NOT NULL,
    action_flag smallint NOT NULL,
    change_message text NOT NULL,
    content_type_id integer,
    user_id integer NOT NULL,
    CONSTRAINT django_admin_log_action_flag_check CHECK ((action_flag >= 0))
);


ALTER TABLE public.django_admin_log OWNER TO postgres;

--
-- Name: django_admin_log_id_seq; Type: SEQUENCE; Schema: public; Owner: postgres
--

ALTER TABLE public.django_admin_log ALTER COLUMN id ADD GENERATED BY DEFAULT AS IDENTITY (
    SEQUENCE NAME public.django_admin_log_id_seq
    START WITH 1
    INCREMENT BY 1
    NO MINVALUE
    NO MAXVALUE
    CACHE 1
);


--
-- Name: django_content_type; Type: TABLE; Schema: public; Owner: postgres
--

CREATE TABLE public.django_content_type (
    id integer NOT NULL,
    app_label character varying(100) NOT NULL,
    model character varying(100) NOT NULL
);


ALTER TABLE public.django_content_type OWNER TO postgres;

--
-- Name: django_content_type_id_seq; Type: SEQUENCE; Schema: public; Owner: postgres
--

ALTER TABLE public.django_content_type ALTER COLUMN id ADD GENERATED BY DEFAULT AS IDENTITY (
    SEQUENCE NAME public.django_content_type_id_seq
    START WITH 1
    INCREMENT BY 1
    NO MINVALUE
    NO MAXVALUE
    CACHE 1
);


--
-- Name: django_migrations; Type: TABLE; Schema: public; Owner: postgres
--

CREATE TABLE public.django_migrations (
    id bigint NOT NULL,
    app character varying(255) NOT NULL,
    name character varying(255) NOT NULL,
    applied timestamp with time zone NOT NULL
);


ALTER TABLE public.django_migrations OWNER TO postgres;

--
-- Name: django_migrations_id_seq; Type: SEQUENCE; Schema: public; Owner: postgres
--

ALTER TABLE public.django_migrations ALTER COLUMN id ADD GENERATED BY DEFAULT AS IDENTITY (
    SEQUENCE NAME public.django_migrations_id_seq
    START WITH 1
    INCREMENT BY 1
    NO MINVALUE
    NO MAXVALUE
    CACHE 1
);


--
-- Name: django_session; Type: TABLE; Schema: public; Owner: postgres
--

CREATE TABLE public.django_session (
    session_key character varying(40) NOT NULL,
    session_data text NOT NULL,
    expire_date timestamp with time zone NOT NULL
);


ALTER TABLE public.django_session OWNER TO postgres;

--
-- Name: forum_comment; Type: TABLE; Schema: public; Owner: postgres
--

CREATE TABLE public.forum_comment (
    id bigint NOT NULL,
    content text NOT NULL,
    creation timestamp with time zone NOT NULL,
    author_id integer NOT NULL,
    thread_id_id integer NOT NULL
);


ALTER TABLE public.forum_comment OWNER TO postgres;

--
-- Name: forum_comment_id_seq; Type: SEQUENCE; Schema: public; Owner: postgres
--

ALTER TABLE public.forum_comment ALTER COLUMN id ADD GENERATED BY DEFAULT AS IDENTITY (
    SEQUENCE NAME public.forum_comment_id_seq
    START WITH 1
    INCREMENT BY 1
    NO MINVALUE
    NO MAXVALUE
    CACHE 1
);


--
-- Name: forum_reply; Type: TABLE; Schema: public; Owner: postgres
--

CREATE TABLE public.forum_reply (
    id bigint NOT NULL,
    content text NOT NULL,
    creation timestamp with time zone NOT NULL,
    author_id integer NOT NULL,
    comment_id bigint NOT NULL
);


ALTER TABLE public.forum_reply OWNER TO postgres;

--
-- Name: forum_reply_id_seq; Type: SEQUENCE; Schema: public; Owner: postgres
--

ALTER TABLE public.forum_reply ALTER COLUMN id ADD GENERATED BY DEFAULT AS IDENTITY (
    SEQUENCE NAME public.forum_reply_id_seq
    START WITH 1
    INCREMENT BY 1
    NO MINVALUE
    NO MAXVALUE
    CACHE 1
);


--
-- Name: forum_thread; Type: TABLE; Schema: public; Owner: postgres
--

CREATE TABLE public.forum_thread (
    thread_id integer NOT NULL,
    title character varying(100) NOT NULL,
    content text NOT NULL,
    creation timestamp with time zone NOT NULL,
    author_id integer NOT NULL
);


ALTER TABLE public.forum_thread OWNER TO postgres;

--
-- Name: forum_thread_thread_id_seq; Type: SEQUENCE; Schema: public; Owner: postgres
--

ALTER TABLE public.forum_thread ALTER COLUMN thread_id ADD GENERATED BY DEFAULT AS IDENTITY (
    SEQUENCE NAME public.forum_thread_thread_id_seq
    START WITH 1
    INCREMENT BY 1
    NO MINVALUE
    NO MAXVALUE
    CACHE 1
);


--
-- Name: logs_advancedsearchlog; Type: TABLE; Schema: public; Owner: postgres
--

CREATE TABLE public.logs_advancedsearchlog (
    id bigint NOT NULL,
    brand character varying(100) NOT NULL,
    firmware_version character varying(100) NOT NULL,
    cve_id character varying(100) NOT NULL,
    userquery character varying(100) NOT NULL,
    "timestamp" timestamp with time zone NOT NULL,
    user_id integer NOT NULL
);


ALTER TABLE public.logs_advancedsearchlog OWNER TO postgres;

--
-- Name: logs_advancedsearchlog_id_seq; Type: SEQUENCE; Schema: public; Owner: postgres
--

ALTER TABLE public.logs_advancedsearchlog ALTER COLUMN id ADD GENERATED BY DEFAULT AS IDENTITY (
    SEQUENCE NAME public.logs_advancedsearchlog_id_seq
    START WITH 1
    INCREMENT BY 1
    NO MINVALUE
    NO MAXVALUE
    CACHE 1
);


--
-- Name: logs_searchlog; Type: TABLE; Schema: public; Owner: postgres
--

CREATE TABLE public.logs_searchlog (
    id bigint NOT NULL,
    brand character varying(100) NOT NULL,
    firmware_version character varying(100) NOT NULL,
    "timestamp" timestamp with time zone NOT NULL,
    user_id integer NOT NULL
);


ALTER TABLE public.logs_searchlog OWNER TO postgres;

--
-- Name: logs_searchlog_id_seq; Type: SEQUENCE; Schema: public; Owner: postgres
--

ALTER TABLE public.logs_searchlog ALTER COLUMN id ADD GENERATED BY DEFAULT AS IDENTITY (
    SEQUENCE NAME public.logs_searchlog_id_seq
    START WITH 1
    INCREMENT BY 1
    NO MINVALUE
    NO MAXVALUE
    CACHE 1
);


--
-- Name: users_profile; Type: TABLE; Schema: public; Owner: postgres
--

CREATE TABLE public.users_profile (
    id bigint NOT NULL,
    user_id integer NOT NULL,
    image character varying(100) NOT NULL
);


ALTER TABLE public.users_profile OWNER TO postgres;

--
-- Name: users_profile_id_seq; Type: SEQUENCE; Schema: public; Owner: postgres
--

ALTER TABLE public.users_profile ALTER COLUMN id ADD GENERATED BY DEFAULT AS IDENTITY (
    SEQUENCE NAME public.users_profile_id_seq
    START WITH 1
    INCREMENT BY 1
    NO MINVALUE
    NO MAXVALUE
    CACHE 1
);


--
-- Data for Name: auth_group; Type: TABLE DATA; Schema: public; Owner: postgres
--

COPY public.auth_group (id, name) FROM stdin;
\.


--
-- Data for Name: auth_group_permissions; Type: TABLE DATA; Schema: public; Owner: postgres
--

COPY public.auth_group_permissions (id, group_id, permission_id) FROM stdin;
\.


--
-- Data for Name: auth_permission; Type: TABLE DATA; Schema: public; Owner: postgres
--

COPY public.auth_permission (id, name, content_type_id, codename) FROM stdin;
1	Can add log entry	1	add_logentry
2	Can change log entry	1	change_logentry
3	Can delete log entry	1	delete_logentry
4	Can view log entry	1	view_logentry
5	Can add permission	2	add_permission
6	Can change permission	2	change_permission
7	Can delete permission	2	delete_permission
8	Can view permission	2	view_permission
9	Can add group	3	add_group
10	Can change group	3	change_group
11	Can delete group	3	delete_group
12	Can view group	3	view_group
13	Can add user	4	add_user
14	Can change user	4	change_user
15	Can delete user	4	delete_user
16	Can view user	4	view_user
17	Can add content type	5	add_contenttype
18	Can change content type	5	change_contenttype
19	Can delete content type	5	delete_contenttype
20	Can view content type	5	view_contenttype
21	Can add session	6	add_session
22	Can change session	6	change_session
23	Can delete session	6	delete_session
24	Can view session	6	view_session
25	Can add profile	7	add_profile
26	Can change profile	7	change_profile
27	Can delete profile	7	delete_profile
28	Can view profile	7	view_profile
29	Can add vulnerability_search	8	add_vulnerability_search
30	Can change vulnerability_search	8	change_vulnerability_search
31	Can delete vulnerability_search	8	delete_vulnerability_search
32	Can view vulnerability_search	8	view_vulnerability_search
33	Can add vulnerabilities	9	add_vulnerabilities
34	Can change vulnerabilities	9	change_vulnerabilities
35	Can delete vulnerabilities	9	delete_vulnerabilities
36	Can view vulnerabilities	9	view_vulnerabilities
37	Can add vulnerability_detail	10	add_vulnerability_detail
38	Can change vulnerability_detail	10	change_vulnerability_detail
39	Can delete vulnerability_detail	10	delete_vulnerability_detail
40	Can view vulnerability_detail	10	view_vulnerability_detail
41	Can add comment	11	add_comment
42	Can change comment	11	change_comment
43	Can delete comment	11	delete_comment
44	Can view comment	11	view_comment
45	Can add post	12	add_post
46	Can change post	12	change_post
47	Can delete post	12	delete_post
48	Can view post	12	view_post
49	Can add thread	13	add_thread
50	Can change thread	13	change_thread
51	Can delete thread	13	delete_thread
52	Can view thread	13	view_thread
53	Can add search log	14	add_searchlog
54	Can change search log	14	change_searchlog
55	Can delete search log	14	delete_searchlog
56	Can view search log	14	view_searchlog
57	Can add search log	15	add_searchlog
58	Can change search log	15	change_searchlog
59	Can delete search log	15	delete_searchlog
60	Can view search log	15	view_searchlog
61	Can add advanced search log	16	add_advancedsearchlog
62	Can change advanced search log	16	change_advancedsearchlog
63	Can delete advanced search log	16	delete_advancedsearchlog
64	Can view advanced search log	16	view_advancedsearchlog
65	Can add reply	17	add_reply
66	Can change reply	17	change_reply
67	Can delete reply	17	delete_reply
68	Can view reply	17	view_reply
\.


--
-- Data for Name: auth_user; Type: TABLE DATA; Schema: public; Owner: postgres
--

COPY public.auth_user (id, password, last_login, is_superuser, username, first_name, last_name, email, is_staff, is_active, date_joined) FROM stdin;
9	pbkdf2_sha256$720000$FVNXuH9g5aHyxJH96etiOq$KOoaSrd0/9ppf2+jI6X0/z4a+u5AJlAm+U8i3YmUgk4=	2024-05-07 17:33:11.084284+05:30	f	smith21			smith21@email.com	f	t	2024-05-07 17:19:23.406228+05:30
1	pbkdf2_sha256$720000$sOmnvn5NHQwGs7Obujr1AV$bfxjcxX187utCKY4KKkD7gL4pbc7AgPQO1OL69IT0E4=	2024-05-07 17:44:56.42213+05:30	t	admin			admin@email.com	t	t	2024-03-28 18:43:10.081287+05:30
2	pbkdf2_sha256$720000$DAAq7meeFC0fKh00lB0Cac$Jq1A3kB6Oh6WK19fO+a+YQqaPBf/Jz8vkH0eUITtKgE=	2024-05-07 18:43:27.689363+05:30	f	testuser			testuser1@email.com	f	t	2024-04-01 13:48:00.883712+05:30
8	pbkdf2_sha256$720000$3NqISeD9J4pxOwQ40INWLC$qjKk+18EnJDmnqCk/cVHpJdbxRAobqzeKx/LQhJcJ/M=	2024-05-07 19:12:39.349937+05:30	f	john123			john123@email.com	f	t	2024-05-07 17:13:12.344325+05:30
\.


--
-- Data for Name: auth_user_groups; Type: TABLE DATA; Schema: public; Owner: postgres
--

COPY public.auth_user_groups (id, user_id, group_id) FROM stdin;
\.


--
-- Data for Name: auth_user_user_permissions; Type: TABLE DATA; Schema: public; Owner: postgres
--

COPY public.auth_user_user_permissions (id, user_id, permission_id) FROM stdin;
\.


--
-- Data for Name: django_admin_log; Type: TABLE DATA; Schema: public; Owner: postgres
--

COPY public.django_admin_log (id, action_time, object_id, object_repr, action_flag, change_message, content_type_id, user_id) FROM stdin;
1	2024-04-06 11:48:05.620992+05:30	1	admin Profile	1	[{"added": {}}]	7	1
2	2024-04-06 11:48:13.238257+05:30	2	test Profile	1	[{"added": {}}]	7	1
3	2024-04-10 10:24:02.653992+05:30	3	testuser2 Profile	1	[{"added": {}}]	7	1
4	2024-04-10 10:46:47.465063+05:30	4	testuser3	3		4	1
5	2024-04-10 10:59:35.33774+05:30	4	testuser3 Profile	1	[{"added": {}}]	7	1
6	2024-04-28 12:10:00.618767+05:30	2	testuser Profile	2	[{"changed": {"fields": ["Image"]}}]	7	1
7	2024-04-28 12:12:18.079537+05:30	3	testuser2 Profile	2	[{"changed": {"fields": ["Image"]}}]	7	1
8	2024-04-28 12:14:43.378543+05:30	3	testuser2 Profile	3		7	1
9	2024-04-28 12:15:47.403971+05:30	5	testuser4 Profile	3		7	1
10	2024-04-28 12:15:47.439035+05:30	4	testuser3 Profile	3		7	1
11	2024-04-28 12:15:57.336843+05:30	7	testuser2 Profile	1	[{"added": {}}]	7	1
12	2024-04-28 12:16:26.627287+05:30	8	testuser3 Profile	1	[{"added": {}}]	7	1
13	2024-04-28 12:16:32.254374+05:30	9	testuser4 Profile	1	[{"added": {}}]	7	1
14	2024-04-28 13:00:38.698212+05:30	1	admin Profile	2	[{"changed": {"fields": ["Image"]}}]	7	1
15	2024-04-28 13:10:19.649423+05:30	2	testuser Profile	2	[{"changed": {"fields": ["Image"]}}]	7	1
16	2024-05-07 17:45:38.297154+05:30	7	test123456	3		4	1
17	2024-05-07 17:45:38.380229+05:30	3	testuser2	3		4	1
18	2024-05-07 17:45:38.380229+05:30	5	testuser3	3		4	1
19	2024-05-07 17:45:38.380229+05:30	6	testuser4	3		4	1
20	2024-05-07 17:46:08.95071+05:30	2	testuser Profile	2	[{"changed": {"fields": ["Image"]}}]	7	1
\.


--
-- Data for Name: django_content_type; Type: TABLE DATA; Schema: public; Owner: postgres
--

COPY public.django_content_type (id, app_label, model) FROM stdin;
1	admin	logentry
2	auth	permission
3	auth	group
4	auth	user
5	contenttypes	contenttype
6	sessions	session
7	users	profile
8	search	vulnerability_search
9	search	vulnerabilities
10	search	vulnerability_detail
11	forum	comment
12	forum	post
13	forum	thread
14	search	searchlog
15	logs	searchlog
16	logs	advancedsearchlog
17	forum	reply
\.


--
-- Data for Name: django_migrations; Type: TABLE DATA; Schema: public; Owner: postgres
--

COPY public.django_migrations (id, app, name, applied) FROM stdin;
1	contenttypes	0001_initial	2024-03-28 18:38:50.770615+05:30
2	auth	0001_initial	2024-03-28 18:38:51.613443+05:30
3	admin	0001_initial	2024-03-28 18:38:51.802755+05:30
4	admin	0002_logentry_remove_auto_add	2024-03-28 18:38:51.818321+05:30
5	admin	0003_logentry_add_action_flag_choices	2024-03-28 18:38:51.837581+05:30
6	contenttypes	0002_remove_content_type_name	2024-03-28 18:38:51.882547+05:30
7	auth	0002_alter_permission_name_max_length	2024-03-28 18:38:51.899107+05:30
8	auth	0003_alter_user_email_max_length	2024-03-28 18:38:51.909922+05:30
9	auth	0004_alter_user_username_opts	2024-03-28 18:38:51.928554+05:30
10	auth	0005_alter_user_last_login_null	2024-03-28 18:38:51.945203+05:30
11	auth	0006_require_contenttypes_0002	2024-03-28 18:38:51.948201+05:30
12	auth	0007_alter_validators_add_error_messages	2024-03-28 18:38:51.966868+05:30
13	auth	0008_alter_user_username_max_length	2024-03-28 18:38:52.076137+05:30
14	auth	0009_alter_user_last_name_max_length	2024-03-28 18:38:52.12303+05:30
15	auth	0010_alter_group_name_max_length	2024-03-28 18:38:52.148531+05:30
16	auth	0011_update_proxy_permissions	2024-03-28 18:38:52.159771+05:30
17	auth	0012_alter_user_first_name_max_length	2024-03-28 18:38:52.177261+05:30
18	sessions	0001_initial	2024-03-28 18:38:52.388898+05:30
19	users	0001_initial	2024-04-06 11:23:26.050199+05:30
38	users	0002_profile_image	2024-04-27 21:03:02.258012+05:30
40	search	0001_initial	2024-04-28 17:57:02.833784+05:30
50	forum	0001_initial	2024-05-04 13:20:20.885722+05:30
51	forum	0002_reply	2024-05-04 13:20:21.075073+05:30
52	logs	0001_initial	2024-05-07 18:42:35.736565+05:30
\.


--
-- Data for Name: django_session; Type: TABLE DATA; Schema: public; Owner: postgres
--

COPY public.django_session (session_key, session_data, expire_date) FROM stdin;
i73k0qirlmhgbw9ywbkpgjd35auu9y5w	.eJxVjEkKAjEURO-StYQMZMCle8_Q_KR-TKsk0MNKvLsGeqG7ot6reomJ9q1O-8rLNEOchRGn3y5RfnAbAHdqty5zb9syJzkUedBVXjv4eTncv4NKax1rQAVv4Dh4FXUBueIRI3uddUrOGhe-wcOyYhdLToQIshbIgbQT7w_-QTjt:1s1M9Y:8ER0Gj6i5L7RWUWyFbfYtRZxQKmXDAcg2m7xf5sVus8	2024-05-13 13:44:24.613854+05:30
o5hni99xwxyrt88wzxr3fx1purdb089p	.eJxVjEkKAjEURO-StYQMZMCle8_Q_KR-TKsk0MNKvLsGeqG7ot6reomJ9q1O-8rLNEOchRGn3y5RfnAbAHdqty5zb9syJzkUedBVXjv4eTncv4NKax1rQAVv4Dh4FXUBueIRI3uddUrOGhe-wcOyYhdLToQIshbIgbQT7w_-QTjt:1s11QR:cWoTJDET2nrwE_DhYId2jhQkn_CUqFOAFM2yULoffec	2024-05-12 15:36:27.582299+05:30
ifuetb2lk7qrg2u8d4b0ktt48qqt40z3	.eJxVjEkKAjEURO-StYQMZMCle8_Q_KR-TKsk0MNKvLsGeqG7ot6reomJ9q1O-8rLNEOchRGn3y5RfnAbAHdqty5zb9syJzkUedBVXjv4eTncv4NKax1rQAVv4Dh4FXUBueIRI3uddUrOGhe-wcOyYhdLToQIshbIgbQT7w_-QTjt:1s1NDz:cXk_bEJJc6qdoUbKE5amOplu2ku_wi6D8UwqQcZsZ4E	2024-05-13 14:53:03.287412+05:30
jyamgdf31y5l85wc8u3qmqecaqq1dbr7	.eJxVjEkKAjEURO-StYQMZMCle8_Q_KR-TKsk0MNKvLsGeqG7ot6reomJ9q1O-8rLNEOchRGn3y5RfnAbAHdqty5zb9syJzkUedBVXjv4eTncv4NKax1rQAVv4Dh4FXUBueIRI3uddUrOGhe-wcOyYhdLToQIshbIgbQT7w_-QTjt:1s1fCz:Bv73q2sOuWWDLL0C8CU8frSn37QogLGP3ebp5JA_Iu0	2024-05-14 10:05:13.687916+05:30
yuby9uf2bgqds14dba378icjeq2n9udn	.eJxVjEkKAjEURO-StYQMZMCle8_Q_KR-TKsk0MNKvLsGeqG7ot6reomJ9q1O-8rLNEOchRGn3y5RfnAbAHdqty5zb9syJzkUedBVXjv4eTncv4NKax1rQAVv4Dh4FXUBueIRI3uddUrOGhe-wcOyYhdLToQIshbIgbQT7w_-QTjt:1s1hph:PLTckvNOD8Qnirl2UzJpucVwRQy63bpHX3Oltf_4byU	2024-05-14 12:53:21.760179+05:30
9za1vb9ciojiwhqff86ret8j4p1uhgfh	e30:1rszIy:m6ay-K3Lq1Xogrnb2OYarhx_ecV2ZuAHZmgjg4Pzzcc	2024-04-20 11:43:32.83532+05:30
jxus58gcxm8y08y75mkju997qkng38tg	e30:1rszJZ:NotL6sGXLY0S22D2g9yCjmMIqTBXzpZXneAKqi-ar_U	2024-04-20 11:44:09.081057+05:30
8qwllhi5mhy6ttq1d4jssxid1ko9s1ot	e30:1rszJp:eiW71KeYFXUCSvEVa50IPYJ7Tjf0nSZ9XL-1YlPWBUg	2024-04-20 11:44:25.883927+05:30
8tp3ugjz8itpjvo671roasp37u94kos1	.eJxVjMEOwiAQRP-FsyGFLQgevfsNZNndStXQpLQn47_bJj1o5jbvzbxVwnUpaW0yp5HVRRl1-u0y0lPqDviB9T5pmuoyj1nvij5o07eJ5XU93L-Dgq1sawDHHryxAAP60AvFaLKJhh15CRaGzBS20NlydtFnFOqCYwN9tB2qzxfVCzfU:1s0eVS:6X3pZnOy2OE1jV9xBsPL6tkRAkKG7Fv3RYDVGH5K9j8	2024-05-11 15:08:06.13056+05:30
c1tcfxwy5m22q5q0mjf3gqup51kwq4ty	.eJxVjEkKAjEURO-StYQMZMCle8_Q_KR-TKsk0MNKvLsGeqG7ot6reomJ9q1O-8rLNEOchRGn3y5RfnAbAHdqty5zb9syJzkUedBVXjv4eTncv4NKax1rQAVv4Dh4FXUBueIRI3uddUrOGhe-wcOyYhdLToQIshbIgbQT7w_-QTjt:1s0wsc:0OBcIorR7_qVGsuLV--4f0-n3b0OIigoxaw0ugLT8gE	2024-05-12 10:45:14.990969+05:30
\.


--
-- Data for Name: forum_comment; Type: TABLE DATA; Schema: public; Owner: postgres
--

COPY public.forum_comment (id, content, creation, author_id, thread_id_id) FROM stdin;
2	Very cool site!!	2024-05-07 17:17:52.146543+05:30	8	1
\.


--
-- Data for Name: forum_reply; Type: TABLE DATA; Schema: public; Owner: postgres
--

COPY public.forum_reply (id, content, creation, author_id, comment_id) FROM stdin;
3	Agreed	2024-05-07 17:34:40.635399+05:30	9	2
\.


--
-- Data for Name: forum_thread; Type: TABLE DATA; Schema: public; Owner: postgres
--

COPY public.forum_thread (thread_id, title, content, creation, author_id) FROM stdin;
1	Welcome to Smart Secure Home	Welcome to Smart Secure Home !!	2024-05-04 13:22:16.166674+05:30	1
3	Benefits of Smart Home Technology	What are the benefits of smart home technology?	2024-05-07 17:16:33.216737+05:30	8
4	Smart Home Security Risks	Smart Home Security Risks are :-\r\n\r\nDevice Hijacking\r\nDDoS Attacks\r\nIdentity and Data Theft	2024-05-07 17:27:06.150513+05:30	9
\.


--
-- Data for Name: logs_advancedsearchlog; Type: TABLE DATA; Schema: public; Owner: postgres
--

COPY public.logs_advancedsearchlog (id, brand, firmware_version, cve_id, userquery, "timestamp", user_id) FROM stdin;
\.


--
-- Data for Name: logs_searchlog; Type: TABLE DATA; Schema: public; Owner: postgres
--

COPY public.logs_searchlog (id, brand, firmware_version, "timestamp", user_id) FROM stdin;
1	cisco	3.0	2024-05-07 19:13:06.370963+05:30	8
2	intel iot	4.0	2024-05-07 19:13:36.196648+05:30	8
\.


--
-- Data for Name: users_profile; Type: TABLE DATA; Schema: public; Owner: postgres
--

COPY public.users_profile (id, user_id, image) FROM stdin;
1	1	profie_pics/owl-158414_640.png
10	8	default.jpg
11	9	default.jpg
2	2	profie_pics/default.jpg
\.


--
-- Name: auth_group_id_seq; Type: SEQUENCE SET; Schema: public; Owner: postgres
--

SELECT pg_catalog.setval('public.auth_group_id_seq', 1, false);


--
-- Name: auth_group_permissions_id_seq; Type: SEQUENCE SET; Schema: public; Owner: postgres
--

SELECT pg_catalog.setval('public.auth_group_permissions_id_seq', 1, false);


--
-- Name: auth_permission_id_seq; Type: SEQUENCE SET; Schema: public; Owner: postgres
--

SELECT pg_catalog.setval('public.auth_permission_id_seq', 68, true);


--
-- Name: auth_user_groups_id_seq; Type: SEQUENCE SET; Schema: public; Owner: postgres
--

SELECT pg_catalog.setval('public.auth_user_groups_id_seq', 1, false);


--
-- Name: auth_user_id_seq; Type: SEQUENCE SET; Schema: public; Owner: postgres
--

SELECT pg_catalog.setval('public.auth_user_id_seq', 9, true);


--
-- Name: auth_user_user_permissions_id_seq; Type: SEQUENCE SET; Schema: public; Owner: postgres
--

SELECT pg_catalog.setval('public.auth_user_user_permissions_id_seq', 1, false);


--
-- Name: django_admin_log_id_seq; Type: SEQUENCE SET; Schema: public; Owner: postgres
--

SELECT pg_catalog.setval('public.django_admin_log_id_seq', 20, true);


--
-- Name: django_content_type_id_seq; Type: SEQUENCE SET; Schema: public; Owner: postgres
--

SELECT pg_catalog.setval('public.django_content_type_id_seq', 17, true);


--
-- Name: django_migrations_id_seq; Type: SEQUENCE SET; Schema: public; Owner: postgres
--

SELECT pg_catalog.setval('public.django_migrations_id_seq', 52, true);


--
-- Name: forum_comment_id_seq; Type: SEQUENCE SET; Schema: public; Owner: postgres
--

SELECT pg_catalog.setval('public.forum_comment_id_seq', 3, true);


--
-- Name: forum_reply_id_seq; Type: SEQUENCE SET; Schema: public; Owner: postgres
--

SELECT pg_catalog.setval('public.forum_reply_id_seq', 3, true);


--
-- Name: forum_thread_thread_id_seq; Type: SEQUENCE SET; Schema: public; Owner: postgres
--

SELECT pg_catalog.setval('public.forum_thread_thread_id_seq', 5, true);


--
-- Name: logs_advancedsearchlog_id_seq; Type: SEQUENCE SET; Schema: public; Owner: postgres
--

SELECT pg_catalog.setval('public.logs_advancedsearchlog_id_seq', 1, false);


--
-- Name: logs_searchlog_id_seq; Type: SEQUENCE SET; Schema: public; Owner: postgres
--

SELECT pg_catalog.setval('public.logs_searchlog_id_seq', 2, true);


--
-- Name: users_profile_id_seq; Type: SEQUENCE SET; Schema: public; Owner: postgres
--

SELECT pg_catalog.setval('public.users_profile_id_seq', 11, true);


--
-- Name: auth_group auth_group_name_key; Type: CONSTRAINT; Schema: public; Owner: postgres
--

ALTER TABLE ONLY public.auth_group
    ADD CONSTRAINT auth_group_name_key UNIQUE (name);


--
-- Name: auth_group_permissions auth_group_permissions_group_id_permission_id_0cd325b0_uniq; Type: CONSTRAINT; Schema: public; Owner: postgres
--

ALTER TABLE ONLY public.auth_group_permissions
    ADD CONSTRAINT auth_group_permissions_group_id_permission_id_0cd325b0_uniq UNIQUE (group_id, permission_id);


--
-- Name: auth_group_permissions auth_group_permissions_pkey; Type: CONSTRAINT; Schema: public; Owner: postgres
--

ALTER TABLE ONLY public.auth_group_permissions
    ADD CONSTRAINT auth_group_permissions_pkey PRIMARY KEY (id);


--
-- Name: auth_group auth_group_pkey; Type: CONSTRAINT; Schema: public; Owner: postgres
--

ALTER TABLE ONLY public.auth_group
    ADD CONSTRAINT auth_group_pkey PRIMARY KEY (id);


--
-- Name: auth_permission auth_permission_content_type_id_codename_01ab375a_uniq; Type: CONSTRAINT; Schema: public; Owner: postgres
--

ALTER TABLE ONLY public.auth_permission
    ADD CONSTRAINT auth_permission_content_type_id_codename_01ab375a_uniq UNIQUE (content_type_id, codename);


--
-- Name: auth_permission auth_permission_pkey; Type: CONSTRAINT; Schema: public; Owner: postgres
--

ALTER TABLE ONLY public.auth_permission
    ADD CONSTRAINT auth_permission_pkey PRIMARY KEY (id);


--
-- Name: auth_user_groups auth_user_groups_pkey; Type: CONSTRAINT; Schema: public; Owner: postgres
--

ALTER TABLE ONLY public.auth_user_groups
    ADD CONSTRAINT auth_user_groups_pkey PRIMARY KEY (id);


--
-- Name: auth_user_groups auth_user_groups_user_id_group_id_94350c0c_uniq; Type: CONSTRAINT; Schema: public; Owner: postgres
--

ALTER TABLE ONLY public.auth_user_groups
    ADD CONSTRAINT auth_user_groups_user_id_group_id_94350c0c_uniq UNIQUE (user_id, group_id);


--
-- Name: auth_user auth_user_pkey; Type: CONSTRAINT; Schema: public; Owner: postgres
--

ALTER TABLE ONLY public.auth_user
    ADD CONSTRAINT auth_user_pkey PRIMARY KEY (id);


--
-- Name: auth_user_user_permissions auth_user_user_permissions_pkey; Type: CONSTRAINT; Schema: public; Owner: postgres
--

ALTER TABLE ONLY public.auth_user_user_permissions
    ADD CONSTRAINT auth_user_user_permissions_pkey PRIMARY KEY (id);


--
-- Name: auth_user_user_permissions auth_user_user_permissions_user_id_permission_id_14a6b632_uniq; Type: CONSTRAINT; Schema: public; Owner: postgres
--

ALTER TABLE ONLY public.auth_user_user_permissions
    ADD CONSTRAINT auth_user_user_permissions_user_id_permission_id_14a6b632_uniq UNIQUE (user_id, permission_id);


--
-- Name: auth_user auth_user_username_key; Type: CONSTRAINT; Schema: public; Owner: postgres
--

ALTER TABLE ONLY public.auth_user
    ADD CONSTRAINT auth_user_username_key UNIQUE (username);


--
-- Name: django_admin_log django_admin_log_pkey; Type: CONSTRAINT; Schema: public; Owner: postgres
--

ALTER TABLE ONLY public.django_admin_log
    ADD CONSTRAINT django_admin_log_pkey PRIMARY KEY (id);


--
-- Name: django_content_type django_content_type_app_label_model_76bd3d3b_uniq; Type: CONSTRAINT; Schema: public; Owner: postgres
--

ALTER TABLE ONLY public.django_content_type
    ADD CONSTRAINT django_content_type_app_label_model_76bd3d3b_uniq UNIQUE (app_label, model);


--
-- Name: django_content_type django_content_type_pkey; Type: CONSTRAINT; Schema: public; Owner: postgres
--

ALTER TABLE ONLY public.django_content_type
    ADD CONSTRAINT django_content_type_pkey PRIMARY KEY (id);


--
-- Name: django_migrations django_migrations_pkey; Type: CONSTRAINT; Schema: public; Owner: postgres
--

ALTER TABLE ONLY public.django_migrations
    ADD CONSTRAINT django_migrations_pkey PRIMARY KEY (id);


--
-- Name: django_session django_session_pkey; Type: CONSTRAINT; Schema: public; Owner: postgres
--

ALTER TABLE ONLY public.django_session
    ADD CONSTRAINT django_session_pkey PRIMARY KEY (session_key);


--
-- Name: forum_comment forum_comment_pkey; Type: CONSTRAINT; Schema: public; Owner: postgres
--

ALTER TABLE ONLY public.forum_comment
    ADD CONSTRAINT forum_comment_pkey PRIMARY KEY (id);


--
-- Name: forum_reply forum_reply_pkey; Type: CONSTRAINT; Schema: public; Owner: postgres
--

ALTER TABLE ONLY public.forum_reply
    ADD CONSTRAINT forum_reply_pkey PRIMARY KEY (id);


--
-- Name: forum_thread forum_thread_pkey; Type: CONSTRAINT; Schema: public; Owner: postgres
--

ALTER TABLE ONLY public.forum_thread
    ADD CONSTRAINT forum_thread_pkey PRIMARY KEY (thread_id);


--
-- Name: logs_advancedsearchlog logs_advancedsearchlog_pkey; Type: CONSTRAINT; Schema: public; Owner: postgres
--

ALTER TABLE ONLY public.logs_advancedsearchlog
    ADD CONSTRAINT logs_advancedsearchlog_pkey PRIMARY KEY (id);


--
-- Name: logs_searchlog logs_searchlog_pkey; Type: CONSTRAINT; Schema: public; Owner: postgres
--

ALTER TABLE ONLY public.logs_searchlog
    ADD CONSTRAINT logs_searchlog_pkey PRIMARY KEY (id);


--
-- Name: users_profile users_profile_pkey; Type: CONSTRAINT; Schema: public; Owner: postgres
--

ALTER TABLE ONLY public.users_profile
    ADD CONSTRAINT users_profile_pkey PRIMARY KEY (id);


--
-- Name: users_profile users_profile_user_id_key; Type: CONSTRAINT; Schema: public; Owner: postgres
--

ALTER TABLE ONLY public.users_profile
    ADD CONSTRAINT users_profile_user_id_key UNIQUE (user_id);


--
-- Name: auth_group_name_a6ea08ec_like; Type: INDEX; Schema: public; Owner: postgres
--

CREATE INDEX auth_group_name_a6ea08ec_like ON public.auth_group USING btree (name varchar_pattern_ops);


--
-- Name: auth_group_permissions_group_id_b120cbf9; Type: INDEX; Schema: public; Owner: postgres
--

CREATE INDEX auth_group_permissions_group_id_b120cbf9 ON public.auth_group_permissions USING btree (group_id);


--
-- Name: auth_group_permissions_permission_id_84c5c92e; Type: INDEX; Schema: public; Owner: postgres
--

CREATE INDEX auth_group_permissions_permission_id_84c5c92e ON public.auth_group_permissions USING btree (permission_id);


--
-- Name: auth_permission_content_type_id_2f476e4b; Type: INDEX; Schema: public; Owner: postgres
--

CREATE INDEX auth_permission_content_type_id_2f476e4b ON public.auth_permission USING btree (content_type_id);


--
-- Name: auth_user_groups_group_id_97559544; Type: INDEX; Schema: public; Owner: postgres
--

CREATE INDEX auth_user_groups_group_id_97559544 ON public.auth_user_groups USING btree (group_id);


--
-- Name: auth_user_groups_user_id_6a12ed8b; Type: INDEX; Schema: public; Owner: postgres
--

CREATE INDEX auth_user_groups_user_id_6a12ed8b ON public.auth_user_groups USING btree (user_id);


--
-- Name: auth_user_user_permissions_permission_id_1fbb5f2c; Type: INDEX; Schema: public; Owner: postgres
--

CREATE INDEX auth_user_user_permissions_permission_id_1fbb5f2c ON public.auth_user_user_permissions USING btree (permission_id);


--
-- Name: auth_user_user_permissions_user_id_a95ead1b; Type: INDEX; Schema: public; Owner: postgres
--

CREATE INDEX auth_user_user_permissions_user_id_a95ead1b ON public.auth_user_user_permissions USING btree (user_id);


--
-- Name: auth_user_username_6821ab7c_like; Type: INDEX; Schema: public; Owner: postgres
--

CREATE INDEX auth_user_username_6821ab7c_like ON public.auth_user USING btree (username varchar_pattern_ops);


--
-- Name: django_admin_log_content_type_id_c4bce8eb; Type: INDEX; Schema: public; Owner: postgres
--

CREATE INDEX django_admin_log_content_type_id_c4bce8eb ON public.django_admin_log USING btree (content_type_id);


--
-- Name: django_admin_log_user_id_c564eba6; Type: INDEX; Schema: public; Owner: postgres
--

CREATE INDEX django_admin_log_user_id_c564eba6 ON public.django_admin_log USING btree (user_id);


--
-- Name: django_session_expire_date_a5c62663; Type: INDEX; Schema: public; Owner: postgres
--

CREATE INDEX django_session_expire_date_a5c62663 ON public.django_session USING btree (expire_date);


--
-- Name: django_session_session_key_c0390e0f_like; Type: INDEX; Schema: public; Owner: postgres
--

CREATE INDEX django_session_session_key_c0390e0f_like ON public.django_session USING btree (session_key varchar_pattern_ops);


--
-- Name: forum_comment_author_id_9e60eecd; Type: INDEX; Schema: public; Owner: postgres
--

CREATE INDEX forum_comment_author_id_9e60eecd ON public.forum_comment USING btree (author_id);


--
-- Name: forum_comment_thread_id_id_df9185b4; Type: INDEX; Schema: public; Owner: postgres
--

CREATE INDEX forum_comment_thread_id_id_df9185b4 ON public.forum_comment USING btree (thread_id_id);


--
-- Name: forum_reply_author_id_718879be; Type: INDEX; Schema: public; Owner: postgres
--

CREATE INDEX forum_reply_author_id_718879be ON public.forum_reply USING btree (author_id);


--
-- Name: forum_reply_comment_id_a72b1056; Type: INDEX; Schema: public; Owner: postgres
--

CREATE INDEX forum_reply_comment_id_a72b1056 ON public.forum_reply USING btree (comment_id);


--
-- Name: forum_thread_author_id_c72b456f; Type: INDEX; Schema: public; Owner: postgres
--

CREATE INDEX forum_thread_author_id_c72b456f ON public.forum_thread USING btree (author_id);


--
-- Name: logs_advancedsearchlog_user_id_1ba82c49; Type: INDEX; Schema: public; Owner: postgres
--

CREATE INDEX logs_advancedsearchlog_user_id_1ba82c49 ON public.logs_advancedsearchlog USING btree (user_id);


--
-- Name: logs_searchlog_user_id_5f092777; Type: INDEX; Schema: public; Owner: postgres
--

CREATE INDEX logs_searchlog_user_id_5f092777 ON public.logs_searchlog USING btree (user_id);


--
-- Name: auth_group_permissions auth_group_permissio_permission_id_84c5c92e_fk_auth_perm; Type: FK CONSTRAINT; Schema: public; Owner: postgres
--

ALTER TABLE ONLY public.auth_group_permissions
    ADD CONSTRAINT auth_group_permissio_permission_id_84c5c92e_fk_auth_perm FOREIGN KEY (permission_id) REFERENCES public.auth_permission(id) DEFERRABLE INITIALLY DEFERRED;


--
-- Name: auth_group_permissions auth_group_permissions_group_id_b120cbf9_fk_auth_group_id; Type: FK CONSTRAINT; Schema: public; Owner: postgres
--

ALTER TABLE ONLY public.auth_group_permissions
    ADD CONSTRAINT auth_group_permissions_group_id_b120cbf9_fk_auth_group_id FOREIGN KEY (group_id) REFERENCES public.auth_group(id) DEFERRABLE INITIALLY DEFERRED;


--
-- Name: auth_permission auth_permission_content_type_id_2f476e4b_fk_django_co; Type: FK CONSTRAINT; Schema: public; Owner: postgres
--

ALTER TABLE ONLY public.auth_permission
    ADD CONSTRAINT auth_permission_content_type_id_2f476e4b_fk_django_co FOREIGN KEY (content_type_id) REFERENCES public.django_content_type(id) DEFERRABLE INITIALLY DEFERRED;


--
-- Name: auth_user_groups auth_user_groups_group_id_97559544_fk_auth_group_id; Type: FK CONSTRAINT; Schema: public; Owner: postgres
--

ALTER TABLE ONLY public.auth_user_groups
    ADD CONSTRAINT auth_user_groups_group_id_97559544_fk_auth_group_id FOREIGN KEY (group_id) REFERENCES public.auth_group(id) DEFERRABLE INITIALLY DEFERRED;


--
-- Name: auth_user_groups auth_user_groups_user_id_6a12ed8b_fk_auth_user_id; Type: FK CONSTRAINT; Schema: public; Owner: postgres
--

ALTER TABLE ONLY public.auth_user_groups
    ADD CONSTRAINT auth_user_groups_user_id_6a12ed8b_fk_auth_user_id FOREIGN KEY (user_id) REFERENCES public.auth_user(id) DEFERRABLE INITIALLY DEFERRED;


--
-- Name: auth_user_user_permissions auth_user_user_permi_permission_id_1fbb5f2c_fk_auth_perm; Type: FK CONSTRAINT; Schema: public; Owner: postgres
--

ALTER TABLE ONLY public.auth_user_user_permissions
    ADD CONSTRAINT auth_user_user_permi_permission_id_1fbb5f2c_fk_auth_perm FOREIGN KEY (permission_id) REFERENCES public.auth_permission(id) DEFERRABLE INITIALLY DEFERRED;


--
-- Name: auth_user_user_permissions auth_user_user_permissions_user_id_a95ead1b_fk_auth_user_id; Type: FK CONSTRAINT; Schema: public; Owner: postgres
--

ALTER TABLE ONLY public.auth_user_user_permissions
    ADD CONSTRAINT auth_user_user_permissions_user_id_a95ead1b_fk_auth_user_id FOREIGN KEY (user_id) REFERENCES public.auth_user(id) DEFERRABLE INITIALLY DEFERRED;


--
-- Name: django_admin_log django_admin_log_content_type_id_c4bce8eb_fk_django_co; Type: FK CONSTRAINT; Schema: public; Owner: postgres
--

ALTER TABLE ONLY public.django_admin_log
    ADD CONSTRAINT django_admin_log_content_type_id_c4bce8eb_fk_django_co FOREIGN KEY (content_type_id) REFERENCES public.django_content_type(id) DEFERRABLE INITIALLY DEFERRED;


--
-- Name: django_admin_log django_admin_log_user_id_c564eba6_fk_auth_user_id; Type: FK CONSTRAINT; Schema: public; Owner: postgres
--

ALTER TABLE ONLY public.django_admin_log
    ADD CONSTRAINT django_admin_log_user_id_c564eba6_fk_auth_user_id FOREIGN KEY (user_id) REFERENCES public.auth_user(id) DEFERRABLE INITIALLY DEFERRED;


--
-- Name: forum_comment forum_comment_author_id_9e60eecd_fk_auth_user_id; Type: FK CONSTRAINT; Schema: public; Owner: postgres
--

ALTER TABLE ONLY public.forum_comment
    ADD CONSTRAINT forum_comment_author_id_9e60eecd_fk_auth_user_id FOREIGN KEY (author_id) REFERENCES public.auth_user(id) DEFERRABLE INITIALLY DEFERRED;


--
-- Name: forum_comment forum_comment_thread_id_id_df9185b4_fk_forum_thread_thread_id; Type: FK CONSTRAINT; Schema: public; Owner: postgres
--

ALTER TABLE ONLY public.forum_comment
    ADD CONSTRAINT forum_comment_thread_id_id_df9185b4_fk_forum_thread_thread_id FOREIGN KEY (thread_id_id) REFERENCES public.forum_thread(thread_id) DEFERRABLE INITIALLY DEFERRED;


--
-- Name: forum_reply forum_reply_author_id_718879be_fk_auth_user_id; Type: FK CONSTRAINT; Schema: public; Owner: postgres
--

ALTER TABLE ONLY public.forum_reply
    ADD CONSTRAINT forum_reply_author_id_718879be_fk_auth_user_id FOREIGN KEY (author_id) REFERENCES public.auth_user(id) DEFERRABLE INITIALLY DEFERRED;


--
-- Name: forum_reply forum_reply_comment_id_a72b1056_fk_forum_comment_id; Type: FK CONSTRAINT; Schema: public; Owner: postgres
--

ALTER TABLE ONLY public.forum_reply
    ADD CONSTRAINT forum_reply_comment_id_a72b1056_fk_forum_comment_id FOREIGN KEY (comment_id) REFERENCES public.forum_comment(id) DEFERRABLE INITIALLY DEFERRED;


--
-- Name: forum_thread forum_thread_author_id_c72b456f_fk_auth_user_id; Type: FK CONSTRAINT; Schema: public; Owner: postgres
--

ALTER TABLE ONLY public.forum_thread
    ADD CONSTRAINT forum_thread_author_id_c72b456f_fk_auth_user_id FOREIGN KEY (author_id) REFERENCES public.auth_user(id) DEFERRABLE INITIALLY DEFERRED;


--
-- Name: logs_advancedsearchlog logs_advancedsearchlog_user_id_1ba82c49_fk_auth_user_id; Type: FK CONSTRAINT; Schema: public; Owner: postgres
--

ALTER TABLE ONLY public.logs_advancedsearchlog
    ADD CONSTRAINT logs_advancedsearchlog_user_id_1ba82c49_fk_auth_user_id FOREIGN KEY (user_id) REFERENCES public.auth_user(id) DEFERRABLE INITIALLY DEFERRED;


--
-- Name: logs_searchlog logs_searchlog_user_id_5f092777_fk_auth_user_id; Type: FK CONSTRAINT; Schema: public; Owner: postgres
--

ALTER TABLE ONLY public.logs_searchlog
    ADD CONSTRAINT logs_searchlog_user_id_5f092777_fk_auth_user_id FOREIGN KEY (user_id) REFERENCES public.auth_user(id) DEFERRABLE INITIALLY DEFERRED;


--
-- Name: users_profile users_profile_user_id_2112e78d_fk_auth_user_id; Type: FK CONSTRAINT; Schema: public; Owner: postgres
--

ALTER TABLE ONLY public.users_profile
    ADD CONSTRAINT users_profile_user_id_2112e78d_fk_auth_user_id FOREIGN KEY (user_id) REFERENCES public.auth_user(id) DEFERRABLE INITIALLY DEFERRED;


--
-- PostgreSQL database dump complete
--

